Company Name,Website,LinkedIn
ADPRO SOFTECH PVT LTD,https://www.thecompanycheck.com/company/adpro-softech-private-limited/U72892KA1999PTC024943,No company results found for ADPRO SOFTECH PVT LTD on linkedin
ADRENALIN ESYSTEMS LIMITED,https://www.myadrenalin.com/,https://www.linkedin.com/company/adrenalinmax/
ADV DETAILING AND DESIGN APPLICATIONS INDIA PRIVATE LIMITED,https://adda-bim.com/,No company results found for ADV DETAILING AND DESIGN APPLICATIONS INDIA PRIVATE LIMITED on linkedin
ADVA OPTICAL NETWORKING INDIA PRIVATE LIMITED,https://www.adva.com/en/,No company results found for ADVA OPTICAL NETWORKING INDIA PRIVATE LIMITED on linkedin
ADVAITA INDIA CONSULTING PRIVATE LIMITED,https://www.zaubacorp.com/company/ADVAITA-INDIA-CONSULTING-PRIVATE-LIMITED/U72900AS2020PTC020123,https://www.linkedin.com/company/advanta-healthcare/about/
ADVAIYA SOLUTIONS (P) LTD.,https://www.advaiya.com/,No company results found for ADVAIYA SOLUTIONS (P) LTD. on linkedin
ADVANCED BUSINESS & HEALTHCARE SOLUTIONS INDIA PRIVATE LIMITED,https://uk.linkedin.com/company/advanced-business-&-healthcare-solutions-india-pvt-ltd,https://www.linkedin.com/company/advanced-business-&-healthcare-solutions-india-private-limited/about/
ADVANCED INVESTMENT MECHANICS INDIA PRIVATE LIMITED,https://www.aim-india.in/,https://www.linkedin.com/company/advanced-investment-mechanics-india-private-limited/about/
ADVANTEST INDIA PRIVATE LIMITED,https://www.advantest.com/,No company results found for ADVANTEST INDIA PRIVATE LIMITED on linkedin
ADVANTMED INDIA LLP,https://www.advantmed.com/,https://www.linkedin.com/company/advantmed-india/
ADVANZ PHARMA SERVICES (INDIA) PRIVATE LIMITED,https://www.advanzpharma.com/,No company results found for ADVANZ PHARMA SERVICES (INDIA) PRIVATE LIMITED on linkedin
ADVARRA INDIA PRIVATE LIMITED,https://www.advarra.com/,No company results found for ADVARRA INDIA PRIVATE LIMITED on linkedin
ADVISOR360 SOFTWARE PRIVATE LIMITED,https://www.advisor360.com/,No company results found for ADVISOR360 SOFTWARE PRIVATE LIMITED on linkedin
AECO TECHNOSTRUCT PRIVATE LIMITED,https://www.technostruct.com/,No company results found for AECO TECHNOSTRUCT PRIVATE LIMITED on linkedin
AECOM INDIA GLOBAL SERVICES PRIVATE LIMITED,https://aecom.com/in/,No company results found for AECOM INDIA GLOBAL SERVICES PRIVATE LIMITED on linkedin
AECOR DIGITAL INTERNATIONAL PRIVATE LIMITED,https://aecordigital.com/,No company results found for AECOR DIGITAL INTERNATIONAL PRIVATE LIMITED on linkedin
AEGIS CUSTOMER SUPPORT SERVICES PVT LTD,https://aegis-company.com/,https://www.linkedin.com/company/aegis-elevator-human-resources/
AEL DATASERVICES LLP,https://aeldata.com/,https://www.linkedin.com/company/ael-data/
AEON COMMUNICATION PRIVATE LIMITED,https://aeongroup.in/,https://www.linkedin.com/company/aeon-airlines-eu/about/
AEREN IP SERVICES PVT. LTD.,http://www.aerenip.com/,No company results found for AEREN IP SERVICES PVT. LTD. on linkedin
AEREN IT SOLUTIONS PVT. LTD.,https://www.aerenoutsourcing.com/,No company results found for AEREN IT SOLUTIONS PVT. LTD. on linkedin
AEREON INDIA PRIVATE LIMITED.,https://aereon.com/,No company results found for AEREON INDIA PRIVATE LIMITED. on linkedin
AEROSPIKE INDIA PRIVATE LIMITED,https://aerospike.com/,No company results found for AEROSPIKE INDIA PRIVATE LIMITED on linkedin
AEXONIC TECHNOLOGIES PRIVATE LIMITED,https://www.aexonic.com/,No company results found for AEXONIC TECHNOLOGIES PRIVATE LIMITED on linkedin
AFFINITY ANSWERS PRIVATE LIMITED,https://www.affinityanswers.com/,No company results found for AFFINITY ANSWERS PRIVATE LIMITED on linkedin
AFFINITY GLOBAL ADVERTISING PVT. LTD.,https://www.affinity.com/,https://www.linkedin.com/company/face-media-networks/about/
AFOUR TECHNOLOGIES PVT. LTD.,https://afourtech.com/,No company results found for AFOUR TECHNOLOGIES PVT. LTD. on linkedin
AGASTHA SOFTWARE PVT. LTD.,http://agastha.com/,No company results found for AGASTHA SOFTWARE PVT. LTD. on linkedin
AGATHSYA TECHNOLOGIES PRIVATE LIMITED,https://agathsya.com/,No company results found for AGATHSYA TECHNOLOGIES PRIVATE LIMITED on linkedin
AGCO TRADING (INDIA) PRIVATE LIMITED,https://www.agcocorp.com/contact/facilities-list.html,https://www.linkedin.com/company/agco-trading-india-private-limited/about/
AGGRANDIZE VENTURE PRIVATE LIMITED,https://www.aggrandizeventure.com/,No company results found for AGGRANDIZE VENTURE PRIVATE LIMITED on linkedin
AGILE ICO PVT LTD,https://aicopl.com/,https://www.linkedin.com/company/aicopl/
AGILE LINK TECHNOLOGIES,https://www.linkedin.com/company/agiletz,https://www.linkedin.com/company/link-innovation-gmbh/
AGILENT TECHNOLOGIES INTERNATIONAL PVT.LTD.,https://www.agilent.com/,https://www.linkedin.com/company/agilent-technologies-international-sarl/about/
AGILIANCE INDIA PVT LTD,https://www.zaubacorp.com/company/AGILIANCE-INDIA-PRIVATE-LIMITED/U72200TG2008PTC057715,No company results found for AGILIANCE INDIA PVT LTD on linkedin
AGILITY E SERVICES PRIVATE LIMITED,https://www.agility.com/en/agility-e-services-receives-top-it-ites-honor/,No company results found for AGILITY E SERVICES PRIVATE LIMITED on linkedin
AGILON HEALTH INDIA PRIVATE LIMITED,https://www.agilonhealth.com/,No company results found for AGILON HEALTH INDIA PRIVATE LIMITED on linkedin
AGNEXT TECHNOLOGIES PRIVATE LTD,https://agnext.com/,https://www.linkedin.com/company/mind-magnet-technologies-private-limited/about/
AGNISYS TECHNOLOGY (P) LTD.,https://www.agnisys.com/,No company results found for AGNISYS TECHNOLOGY (P) LTD. on linkedin
AGNITIO SYSTEMS,http://www.agnitio-systems.com/,https://www.linkedin.com/company/agnitio-systems/
AGNITY COMMUNICATIONS PVT. LTD.,https://tnsi.com/tns-agnity-transition-page/,No company results found for AGNITY COMMUNICATIONS PVT. LTD. on linkedin
AGNITY INDIA TECHNOLOGIES PVT LTD,https://tnsi.com/tns-agnity-transition-page/,No company results found for AGNITY INDIA TECHNOLOGIES PVT LTD on linkedin
AGNITY TECHNOLOGIES PRIVATE LIMITED,https://tnsi.com/tns-agnity-transition-page/,https://www.linkedin.com/company/agnity-technologies-private-limited/about/
AGREETA SOLUTIONS PRIVATE LIMITED,https://agreeta.in/,No company results found for AGREETA SOLUTIONS PRIVATE LIMITED on linkedin
AGS HEALTH PVT. LTD,https://www.agshealth.com/,No company results found for AGS HEALTH PVT. LTD on linkedin
AGT ELECTRONICS LTD,https://www.agtindia.com/,https://www.linkedin.com/company/agt-electronics-ltd/
AGTECHPRO PRIVATE LIMITED,https://www.thecompanycheck.com/company/agtechpro-private-limited/U72900KA2019PTC124286,No company results found for AGTECHPRO PRIVATE LIMITED on linkedin
AHANA RAY TECHNOLOGIES INDIA PRIVATE LIMITED,https://www.zaubacorp.com/company/AHANA-RAY-TECHNOLOGIES-INDIA-PRIVATE-LIMITED/U72900KA2020FTC138919,No company results found for AHANA RAY TECHNOLOGIES INDIA PRIVATE LIMITED on linkedin
AI COGITO INDIA PRIVATE LIMITED,https://cogitocorp.com/,No company results found for AI COGITO INDIA PRIVATE LIMITED on linkedin
AI SQUARE GLOBAL SOLUTIONS LLP,https://www.zoominfo.com/c/ai-square-global-solutions-llp/467352158,No company results found for AI SQUARE GLOBAL SOLUTIONS LLP on linkedin
AIDASTECH INDIA PRIVATE LIMITED,https://www.aidastech.com/,No company results found for AIDASTECH INDIA PRIVATE LIMITED on linkedin
AIE FIBER RESOURCE AND TRADING (INDIA) PRIVATE LIMITED,https://gstcouncil.gov.in/ms-aie-fiber-resource-and-trading-india-private-limited,No company results found for AIE FIBER RESOURCE AND TRADING (INDIA) PRIVATE LIMITED on linkedin
AIGENEDGE PRIVATE LIMITED,https://www.aigenedge.com/,No company results found for AIGENEDGE PRIVATE LIMITED on linkedin
AIGILX HEALTH TECHNOLOGIES PVT LTD,https://aigilxhealth.com/,No company results found for AIGILX HEALTH TECHNOLOGIES PVT LTD on linkedin
AIMBEYOND INFOTECH PRIVATE LIMITED,https://www.aimbeyond.com/,https://www.linkedin.com/company/aimbeyond-infotech-pvt-ltd-/about/
AIML SQUARE PRIVATE LIMITED,https://www.zaubacorp.com/company/AIML-SQUARE-PRIVATE-LIMITED/U72200TN2019PTC130115,No company results found for AIML SQUARE PRIVATE LIMITED on linkedin
AIMTRONICS SEMICONDUCTOR INDIA PVT LTD,https://www.zaubacorp.com/company/AIMTRONICS-SEMICONDUCTOR-INDIA-PRIVATE-LIMITED/U72200OR2014PTC018283,No company results found for AIMTRONICS SEMICONDUCTOR INDIA PVT LTD on linkedin
AINS INDIA PVT LTD,https://ainsit.in/,No company results found for AINS INDIA PVT LTD on linkedin
AINSURTECH PVT LTD,https://ainsurtek.com/,https://www.linkedin.com/company/limestreetinstech/about/
AIOPSGROUP COMMERCE INDIA PRIVATE LIMITED,https://aiopsgroup.com/,No company results found for AIOPSGROUP COMMERCE INDIA PRIVATE LIMITED on linkedin
AIRAMATRIX PRIVATE LIMITED,https://www.airamatrix.com/,https://www.linkedin.com/company/slpalliance/
AIRAVANA SYSTEMS PRIVATE LIMITED,https://www.linkedin.com/company/airavana,No company results found for AIRAVANA SYSTEMS PRIVATE LIMITED on linkedin
AIRBUS GROUP INDIA PVT. LTD.,https://www.airbus.com/en/our-worldwide-presence/airbus-in-india,No company results found for AIRBUS GROUP INDIA PVT. LTD. on linkedin
AIRCHECK INDIA PVT. LTD.,https://aircheckindia.com/,https://www.linkedin.com/company/aircheck-india-pvt.-ltd./
AIRDATA TECHNOLOGIES PRIVATE LIMITED,https://airdata.com/,https://www.linkedin.com/company/sapsol-technologies-inc-/
AIREI INDIA PRIVATE LTD,https://www.insiderbiz.in/company/AIREI-INDIA-PRIVATE-LIMITED,No company results found for AIREI INDIA PRIVATE LTD on linkedin
AIRMEET NETWORKS PRIVATE LIMITED,https://www.airmeet.com/,No company results found for AIRMEET NETWORKS PRIVATE LIMITED on linkedin
AIRO DIGITAL LABS INDIA PRIVATE LIMITED,https://www.airodigitallabs.com/,https://www.linkedin.com/company/beijerrefindia/
AIRO GLOBAL SOFTWARE PRIVATE LIMITED,https://airoglobal.com/,No company results found for AIRO GLOBAL SOFTWARE PRIVATE LIMITED on linkedin
AIROHA TECHNOLOGY INDIA PRIVATE LIMITED,https://www.airoha.com/,No company results found for AIROHA TECHNOLOGY INDIA PRIVATE LIMITED on linkedin
AIRTEL INTERNATIONAL LLP,https://in.linkedin.com/company/airtel-international-llp-airtel-africa,https://www.linkedin.com/company/airtel-international-llp-airtel-africa/
AITHENT TECHNOLOGIES PVT. LTD.,https://www.aithent.com/,No company results found for AITHENT TECHNOLOGIES PVT. LTD. on linkedin
AJIRA AI SOFTWARE INDIA PVT LTD,https://ajiraai.com/,No company results found for AJIRA AI SOFTWARE INDIA PVT LTD on linkedin
AJOSYS TECHNOLOGY SOLUTIONS PVT LTD,https://www.ajosys.com/,No company results found for AJOSYS TECHNOLOGY SOLUTIONS PVT LTD on linkedin
AJRITH TECH PRIVATE LIMITED,https://ajrith.com/,No company results found for AJRITH TECH PRIVATE LIMITED on linkedin
AJS SOFTWARE TECHNOLOGIES PRIVATE LIMITED,https://www.ajssoft.com/,https://www.linkedin.com/company/ajs-software-technologies-private-limited/about/
AJUBA COMMERCE PVT. LTD.,https://www.zaubacorp.com/company/AJUBA-COMMERCE-PRIVATE-LIMITED/U74999MH2014PTC253506,No company results found for AJUBA COMMERCE PVT. LTD. on linkedin
AK AEROTEK SOFTWARE CENTRE PVT. LTD.,https://www.ak-aerotek.com/,No company results found for AK AEROTEK SOFTWARE CENTRE PVT. LTD. on linkedin
AK SURYA POWER MAGIC PVT LTD,https://www.justdial.com/jdmart/Coimbatore/Ak-Surya-Power-Magic-Pvt-Ltd-Closed-Down-Peelamedu/0422PX422-X422-151212150332-H5B4_BZDET/catalogue,No company results found for AK SURYA POWER MAGIC PVT LTD on linkedin
AKEO SOFTWARE SOLUTIONS PRIVATE LIMITED,https://akeo.tech/,No company results found for AKEO SOFTWARE SOLUTIONS PRIVATE LIMITED on linkedin
AKIKO SHERMAN INFOTECH PRIVATE LIMITED,https://www.shermanindia.com/,No company results found for AKIKO SHERMAN INFOTECH PRIVATE LIMITED on linkedin
AKOTS INDIA PVT. LTD.,https://akots.com/,No company results found for AKOTS INDIA PVT. LTD. on linkedin
AKRIDATA INDIA PRIVATE LIMITED,https://akridata.ai/,No company results found for AKRIDATA INDIA PRIVATE LIMITED on linkedin
AKSA LEGACIES PRIVATE LIMITED,https://aksasoft.com/,No company results found for AKSA LEGACIES PRIVATE LIMITED on linkedin
AKSHAY RAJENDRA SHANBHAG,https://in.linkedin.com/in/akshayrshanbhag,No company results found for AKSHAY RAJENDRA SHANBHAG on linkedin
AKSHAY VANIJYA & FINANCE LTD,https://www.zaubacorp.com/company/AKSHAY-VANIJYA-FINANCE-PRIVATE-LIMITED/U74899DL1994PTC058487,https://www.linkedin.com/company/akshay-vanijya-&-finance-private-limited/about/
ALAMY IMAGES INDIA (P) LTD,https://www.alamy.com/contactus/india.aspx,No company results found for ALAMY IMAGES INDIA (P) LTD on linkedin
ALAN SOLUTIONS,https://alansolutions.com/,https://www.linkedin.com/company/proactive-training-solutions/
ALATION INDIA PRIVATE LIMITED,https://www.alation.com/,No company results found for ALATION INDIA PRIVATE LIMITED on linkedin
ALCAX SOLUTIONS,https://www.alcax.com/,https://www.linkedin.com/company/alca-it-solutions/
ALCODEX TECHNOLOGIES PVT. LTD.,https://alcodex.com/,No company results found for ALCODEX TECHNOLOGIES PVT. LTD. on linkedin
ALE INDIA PVT LTD.,https://www.al-enterprise.com/,No company results found for ALE INDIA PVT LTD. on linkedin
ALEKHA IT PRIVATE LIMITED,https://www.zaubacorp.com/company/ALEKHA-IT-PRIVATE-LIMITED/U72900UP2019PTC120470,https://www.linkedin.com/company/alekhya-heights/about/
ALEPT CONSULTING PRIVATE LIMITED,https://www.alept.com/,https://www.linkedin.com/company/alept-consulting-private-limited/
ALERTOPS INDIA PRIVATE LIMITED,https://alertops.com/,No company results found for ALERTOPS INDIA PRIVATE LIMITED on linkedin
ALETHEA COMMUNICATIONS TECHNOLOGIES PVT LTD,https://aletheatech.com/,https://www.linkedin.com/company/alethea-communications-technologies-pvt-ltd/
ALFA KPO PVT. LTD.,https://alfakpo.com/,No company results found for ALFA KPO PVT. LTD. on linkedin
ALFANAR ENGINEERING SERVICES INDIA PVT LTD,https://www.alfanar.com/,https://www.linkedin.com/company/alfanar-engineering-services-india-pvt.-ltd./
ALGONICS SYSTEMS PRIVATE LIMITED,https://algonics.com/,No company results found for ALGONICS SYSTEMS PRIVATE LIMITED on linkedin
ALGONOMY SOFTWARE PRIVATE LIMITED,https://algonomy.com/,No company results found for ALGONOMY SOFTWARE PRIVATE LIMITED on linkedin
ALGORHYTHM TECH PVT LTD,https://algorhythmtech.com/,No company results found for ALGORHYTHM TECH PVT LTD on linkedin